SEG_CD,SEG_DESC,SUB_CAT_CD
010001100111,ACETAMINOPHEN,01000110
010001100112,FEMININE PAIN RELIEF,01000110
010001100113,ASPIRIN & COMBINATIONS,01000110
010001100114,IBUPROFEN & OTHER ANTI-INFLAMMATORIES,01000110
010001100115,MIXED/MISCELLANEOUS PAIN RELIEF,01000110
010001100116,NIGHTTIME PAIN RELIEF,01000110
010001100117,SPECIALTY PAIN RELIEF,01000110
010001100118,PRIVATE LABEL PAIN RELIEF,01000110
010001100119,GENERIC PAIN RELIEF,01000110
010001200122,EXTERNAL MUSCLE/JOINT PAIN RELIEF PATCHES & PADS,01000120
010001200123,"EXTERNAL MUSCLE/JOINT PAIN RELIEF CREAMS, OINTMENTS & GELS",01000120
010001200124,"EXTERNAL MUSCLE/JOINT PAIN RELIEF LOTIONS, LIQUIDS, ROLL-ONS & SPRAYS",01000120
010001200127,MIXED/MISCELLANEOUS EXTERNAL PAIN RELIEF,01000120
010001200128,PRIVATE LABEL EXTERNAL PAIN RELIEF,01000120
010001200129,GENERIC EXTERNAL PAIN RELIEF,01000120
010001300131,SLEEP AIDS & SEDATIVES,01000130
010001300132,STIMULANTS,01000130
010001300133,MOTION SICKNESS & VERTIGO,01000130
010001300135,"MIXED/MISCELLANEOUS SLEEP AIDS, STIMULANTS & MOTION SICKNESS",01000130
010001300138,"PRIVATE LABEL SLEEP AIDS, STIMULANTS & MOTION SICKNESS",01000130
010001300139,"GENERIC SLEEP AIDS, STIMULANTS & MOTION SICKNESS",01000130
010001400141,CHILDREN'S ACETAMINOPHEN,01000140
010001400142,CHILDREN'S IBUPROFEN,01000140
010001400143,MIXED/MISCELLANEOUS CHILDREN'S PAIN & FEVER RELIEF,01000140
010001400148,PRIVATE LABEL CHILDREN'S PAIN & FEVER RELIEF,01000140
010001400149,GENERIC CHILDREN'S PAIN & FEVER RELIEF,01000140
030003100311,ANTACID LIQUIDS,03000310
030003100312,ANTACID TABS & CAPS,03000310
030003100313,EFFERVESCENT ANTACIDS & COMBINATIONS,03000310
030003100314,MULTI-SYMPTOM & NAUSEA PRODUCTS,03000310
030003100317,MIXED/MISCELLANEOUS STOMACH REMEDIES,03000310
030003100318,PRIVATE LABEL ANTACIDS,03000310
030003100319,GENERIC ANTACIDS,03000310
030003200321,ACID CONTROLLERS,03000320
030003200327,MIXED/MISCELLANEOUS ACID CONTROLLERS,03000320
030003200328,PRIVATE LABEL ACID CONTROLLERS,03000320
030003200329,GENERIC ACID CONTROLLERS,03000320
030003300331,FIBER PRODUCTS,03000330
030003300332,"ENEMAS, LAXATIVE SUPPOSITORIES, KITS, ETC.",03000330
030003300333,LAXATIVE TABS & POWDERS,03000330
030003300334,LAXATIVE LIQUIDS,03000330
030003300335,STOOL SOFTENERS,03000330
030003300337,MIXED/MISCELLANEOUS LAXATIVES,03000330
030003300338,PRIVATE LABEL LAXATIVES,03000330
030003300339,GENERIC LAXATIVES,03000330
030003400341,ANTI-DIARRHEAL TABS & CAPS,03000340
030003400342,ANTI-DIARRHEAL LIQUIDS,03000340
030003400347,MIXED/MISCELLANEOUS ANTI-DIARRHEALS,03000340
030003400348,PRIVATE LABEL ANTI-DIARRHEALS,03000340
030003400349,GENERIC ANTI-DIARRHEALS,03000340
030003500351,LACTOSE INTOLERANCE,03000350
030003500352,MIXED/MISCELLANEOUS DIGESTIVE AIDS,03000350
030003500353,PREBIOTICS & PROBIOTICS,03000350
030003500358,PRIVATE LABEL DIGESTIVE AIDS,03000350
030003500359,GENERIC DIGESTIVE AIDS,03000350
030003600361,ANTI-GAS,03000360
030003600368,PRIVATE LABEL ANTI-GAS,03000360
030003600369,GENERIC ANTI-GAS,03000360
030003700371,HEMORRHOID TREATMENTS,03000370
030003700372,HEMORRHOID WIPES & WASHES,03000370
030003700378,PRIVATE LABEL HEMORRHOID PREPARATIONS,03000370
030003700379,GENERIC HEMORRHOID PREPARATIONS,03000370
030003800381,CHILDREN'S STOMACH REMEDIES,03000380
030003800382,CHILDREN'S LAXATIVES,03000380
030003800383,CHILDREN'S ANTI-DIARRHEALS,03000380
030003800384,CHILDREN'S ANTI-GAS,03000380
030003800385,MIXED/MISCELLANEOUS CHILDREN'S DIGESTIVE HEALTH,03000380
030003800386,CHILDREN'S PREBIOTICS & PROBIOTICS,03000380
030003800388,PRIVATE LABEL CHILDREN'S DIGESTIVE HEALTH,03000380
030003800389,GENERIC CHILDREN'S DIGESTIVE HEALTH,03000380
050005100511,FORMULA,05000510
050005100512,NUTRITIONALS,05000510
050005100513,ELECTROLYTES,05000510
050005100514,BABY FOOD,05000510
050005100517,"MIXED/MISCELLANEOUS BABY FORMULA, NUTRITIONALS, ELECTROLYTES & FOOD",05000510
050005100518,"PRIVATE LABEL BABY FORMULA, NUTRITIONALS, ELECTROLYTES & FOOD",05000510
050005100519,"GENERIC BABY FORMULA, NUTRITIONALS, ELECTROLYTES & FOOD",05000510
050005200521,BABY OIL,05000520
050005200522,BABY LOTIONS & CREAMS,05000520
050005200523,BABY THERAPEUTIC SKIN CARE,05000520
050005200524,BABY POWDER,05000520
050005200525,"MIXED/MISCELLANEOUS BABY HEALTH, BEAUTY & WELLNESS",05000520
050005200526,BABY BATH & HAIR CARE,05000520
050005200527,BABY ORAL & TEETHING PAIN,05000520
050005200528,"PRIVATE LABEL BABY HEALTH, BEAUTY & WELLNESS",05000520
050005200529,"GENERIC BABY HEALTH, BEAUTY & WELLNESS",05000520
050005300532,BABY TOWELS & WASHCLOTHS,05000530
050005300534,MIXED/MISCELLANEOUS BABY LAYETTE,05000530
050005400541,NIPPLES,05000540
050005400542,BREAST PUMPS & NURSING ACCESSORIES,05000540
050005400543,BOTTLES & ACCESSORIES,05000540
050005400545,MIXED/MISCELLANEOUS BABY FEEDING ACCESSORIES,05000540
050005400546,PACIFIERS & ACCESSORIES,05000540
050005400547,TEETHERS,05000540
050005400549,GENERIC BABY FEEDING ACCESSORIES,05000540
050005500551,DIAPERS,05000550
050005500552,WIPES & FLUSHABLES,05000550
050005500554,TRAINING PANTS & SWIMMERS,05000550
050005500555,OVERNIGHT PANTS & JUVENILE INCONTINENCE,05000550
050005500558,PRIVATE LABEL DISPOSABLE DIAPERS & WIPES,05000550
050005600561,COTTON SWABS,05000560
050005600562,MIXED/MISCELLANEOUS BABY GROOMING,05000560
050005600568,PRIVATE LABEL BABY GROOMING,05000560
050005700571,BABY ROOM & BATHING,05000570
050005700572,BABY SAFETY DEVICES,05000570
050005700573,BABY MOBILITY & GEAR,05000570
050005700574,REUSABLE DIAPERING & POTTY TRAINING,05000570
050005800581,BABY TOYS,05000580
050005800582,GYMS & PLAY STATIONS,05000580
070007100711,"COUGH, COLD, FLU & SINUS LIQUIDS",07000710
070007100712,"COUGH, COLD, FLU & SINUS TABS & CAPS",07000710
070007100713,"MIXED/MISCELLANEOUS COUGH, COLD, FLU & SINUS",07000710
070007100714,COLD & FLU SYMPTOM REDUCERS,07000710
070007100718,"PRIVATE LABEL COUGH, COLD, FLU & SINUS",07000710
070007100719,"GENERIC COUGH, COLD, FLU & SINUS",07000710
070007200722,SORE THROAT PAIN RELIEF,07000720
070007200723,THROAT & COUGH DROPS,07000720
070007200727,"MIXED/MISCELLANEOUS COUGH DROPS, SORE THROAT RELIEF",07000720
070007200728,"PRIVATE LABEL COUGH DROPS, SORE THROAT RELIEF",07000720
070007200729,"GENERIC COUGH DROPS, SORE THROAT RELIEF",07000720
070007300731,ALLERGY LIQUIDS,07000730
070007300732,ALLERGY TABS & CAPS,07000730
070007300733,MIXED/MISCELLANEOUS ALLERGY,07000730
070007300738,PRIVATE LABEL ALLERGY,07000730
070007300739,GENERIC ALLERGY,07000730
070007400741,"DECONGESTANT NASAL SPRAYS, DROPS & INHALERS",07000740
070007400742,NASAL MOISTURIZERS & WASHES,07000740
070007400743,NASAL STRIPS & SNORE RELIEF,07000740
070007400744,MIXED/MISCELLANEOUS NASAL,07000740
070007400748,PRIVATE LABEL NASAL,07000740
070007400749,GENERIC NASAL,07000740
070007500752,MEDICATED LIP TREATMENTS,07000750
070007500753,LIP MOISTURIZERS,07000750
070007500758,PRIVATE LABEL LIP CARE,07000750
070007600761,ASTHMA PREPARATIONS,07000760
070007600762,VAPOR PRODUCTS,07000760
070007600763,"VAPORIZERS, HUMIDIFIERS & ACCESSORIES",07000760
070007600764,MIXED/MISCELLANEOUS RESPIRATORY TREATMENTS,07000760
070007600768,PRIVATE LABEL RESPIRATORY TREATMENTS,07000760
070007600769,GENERIC RESPIRATORY TREATMENTS,07000760
070007700771,"CHILDREN'S COUGH, COLD & FLU",07000770
070007700772,CHILDREN'S THROAT & COUGH RELIEF,07000770
070007700773,CHILDREN'S ALLERGY & SINUS,07000770
070007700774,CHILDREN'S NASAL,07000770
070007700775,MIXED/MISCELLANEOUS CHILDREN'S COLD & ALLERGY,07000770
070007700778,PRIVATE LABEL CHILDREN'S COLD & ALLERGY,07000770
070007700779,GENERIC CHILDREN'S COLD & ALLERGY,07000770
090009100911,MEN'S SOLIDS & GELS,09000910
090009100912,MEN'S SPRAYS,09000910
090009100913,MEN'S ROLL-ONS,09000910
090009100914,MIXED/MISCELLANEOUS MEN'S DEODORANTS,09000910
090009200921,WOMEN'S SOLIDS & GELS,09000920
090009200922,WOMEN'S SPRAYS,09000920
090009200923,WOMEN'S ROLL-ONS,09000920
090009200924,MIXED/MISCELLANEOUS WOMEN'S DEODORANTS,09000920
090009300931,UNISEX SOLIDS & GELS,09000930
090009300932,UNISEX SPRAYS,09000930
090009300933,UNISEX ROLL-ONS,09000930
090009300934,MIXED/MISCELLANEOUS UNISEX DEODORANTS,09000930
110011201121,BLOOD GLUCOSE MONITORS,11001120
110011201122,TEST STRIPS & CONTROLS,11001120
110011201123,LANCETS & LANCET DEVICES,11001120
110011201127,MIXED/MISCELLANEOUS BLOOD GLUCOSE TESTING,11001120
110011201128,PRIVATE LABEL BLOOD GLUCOSE TESTING,11001120
110011201129,GENERIC BLOOD GLUCOSE TESTING,11001120
110011301134,MIXED/MISCELLANEOUS DIABETES CARE ACCESSORIES,11001130
110011301135,ALCOHOL WIPES,11001130
110011301138,PRIVATE LABEL DIABETES CARE ACCESSORIES,11001130
110011301139,GENERIC DIABETES CARE ACCESSORIES,11001130
110011401141,GLUCOSE,11001140
110011401142,DIABETES NUTRITIONALS & FOODS,11001140
110011401143,DIABETES CANDY,11001140
110011401144,DIABETES SUPPLEMENTS,11001140
110011401148,PRIVATE LABEL DIABETES NUTRITIONALS & WELLNESS,11001140
110011401149,GENERIC DIABETES NUTRITIONALS & WELLNESS,11001140
110011501151,DIABETES SKIN CARE,11001150
110011501152,"DIABETES COUGH, COLD & ALLERGY",11001150
110011501153,MIXED/MISCELLANEOUS DIABETES HEALTH & PERSONAL CARE,11001150
110011501158,PRIVATE LABEL DIABETES HEALTH & PERSONAL CARE,11001150
110011601161,URINE TEST STRIPS,11001160
110011601162,URINE TEST TABS,11001160
110011601167,MIXED/MISCELLANEOUS URINE TESTING,11001160
110011701171,INSULIN,11001170
110011701172,SYRINGES,11001170
110011701173,"AUTO INJECTORS, PENS, KITS & NEEDLES",11001170
110011701177,"MIXED/MISCELLANEOUS INSULIN, SYRINGES & DELIVERY SYSTEMS",11001170
110011701178,"PRIVATE LABEL INSULIN, SYRINGES & DELIVERY SYSTEMS",11001170
110011701179,"GENERIC INSULIN, SYRINGES & DELIVERY SYSTEMS",11001170
130013101311,SUGAR & SALT SUBSTITUTES,13001310
130013101317,MIXED/MISCELLANEOUS SUGAR & SALT SUBSTITUTES,13001310
130013201321,"WEIGHT MANAGEMENT FOODS, LIQUIDS & POWDERS",13001320
130013201322,WEIGHT MANAGEMENT BARS,13001320
130013201323,MIXED/MISCELLANEOUS WEIGHT MANAGEMENT,13001320
130013201324,WEIGHT MANAGEMENT TABS & CAPS,13001320
130013201328,PRIVATE LABEL WEIGHT MANAGEMENT,13001320
130013201329,GENERIC WEIGHT MANAGEMENT,13001320
130013401341,MIXED/MISCELLANEOUS NUTRITIONAL FOODS,13001340
130013401342,NUTRITIONAL LIQUIDS,13001340
130013401343,NUTRITIONAL POWDERS,13001340
130013401344,NUTRITIONAL BARS,13001340
130013401345,THICKENERS & PRE-THICKENED BEVERAGES/FOODS,13001340
130013401348,PRIVATE LABEL NUTRITIONAL FOODS,13001340
130013401349,GENERIC NUTRITIONAL FOODS,13001340
130013501351,SPORT/ENERGY LIQUIDS,13001350
130013501352,SPORT/ENERGY POWDERS,13001350
130013501353,SPORT/ENERGY BARS,13001350
130013501354,MIXED/MISCELLANEOUS SPORT/ENERGY,13001350
130013501355,SPORT/ENERGY TABS & CAPS,13001350
130013501359,GENERIC SPORT/ENERGY,13001350
130013601361,DIURETICS,13001360
130013601362,WEIGHT LOSS CLEANSING & DETOX,13001360
140014101411,STRENGTH/RANGE OF MOTION,14001410
140014101412,BALLS/STABILITY DEVICES,14001410
140014101413,FOAM ROLLERS/MASSAGE DEVICES,14001410
140014101415,CARDIO EQUIPMENT,14001410
140014101416,SCALES,14001410
140014101417,MIXED/MISCELLANEOUS PHYSICAL FITNESS,14001410
140014101418,PRIVATE LABEL PHYSICAL FITNESS,14001410
140014201427,MIXED/MISCELLANEOUS EXERCISE EQUIPMENT,14001420
150015101511,ELASTIC BANDAGES,15001510
150015101512,PROTECTIVE GUARDS,15001510
150015101513,ATHLETIC SUPPORTS & CUPS,15001510
150015101514,ATHLETIC TAPE/WRAPS,15001510
150015101515,MIXED/MISCELLANEOUS ELASTIC BANDAGES & ATHLETIC TREATMENTS,15001510
150015101518,PRIVATE LABEL ELASTIC BANDAGES & ATHLETIC TREATMENTS,15001510
150015201521,ANKLE & FOOT,15001520
150015201522,HAND & WRIST,15001520
150015201523,ELBOW & ARM,15001520
150015201524,KNEE,15001520
150015201525,"THIGH, CALF & SHIN",15001520
150015201526,JOINT WARMERS & ARTHRITIS,15001520
150015201527,MIXED/MISCELLANEOUS BRACES,15001520
150015201528,PRIVATE LABEL BRACES,15001520
150015301531,HOT/COLD THERAPY,15001530
150015301532,ELECTRIC HEATING PADS,15001530
150015301538,PRIVATE LABEL HOT/COLD THERAPY,15001530
150015301539,GENERIC HOT/COLD THERAPY,15001530
150015401541,ABDOMINAL SUPPORTS,15001540
150015401542,RIB BELTS,15001540
150015401548,PRIVATE LABEL ABDOMINAL SUPPORTS & RIB BELTS,15001540
150015401549,GENERIC ABDOMINAL SUPPORTS & RIB BELTS,15001540
150015601561,HERNIA SUPPORTS & SUSPENSORIES,15001560
150015601562,SACRO & BACK BRACES,15001560
150015601563,ARM SLINGS & CERVICAL COLLARS,15001560
150015601564,SHOULDER & CLAVICLE BRACES,15001560
150015601567,MIXED/MISCELLANEOUS ORTHOPEDIC & SURGICAL SUPPORT,15001560
150015601568,PRIVATE LABEL ORTHOPEDIC & SURGICAL SUPPORT,15001560
150015601569,GENERIC ORTHOPEDIC & SURGICAL SUPPORT,15001560
160016101611,MIXED/MISCELLANEOUS GENERAL SUPPORT & ACCESSORIES,16001610
160016101612,MEN'S SUPPORT HOSE,16001610
160016101613,GENERAL COMPRESSION SLEEVES & GARMENTS,16001610
160016101614,WOMEN'S SUPPORT HOSE - KNEE HIGH,16001610
160016101615,WOMEN'S SUPPORT HOSE - THIGH HIGH,16001610
160016101616,WOMEN'S SUPPORT HOSE - FULL & MATERNITY,16001610
160016101617,ATHLETIC SUPPORT SOCKS,16001610
160016101619,GENERIC GENERAL SUPPORT,16001610
160016201621,MIXED/MISCELLANEOUS MEDICAL SUPPORT & ACCESSORIES,16001620
160016201622,KNEE HIGH MEDICAL SUPPORT,16001620
160016201623,THIGH HIGH MEDICAL SUPPORT,16001620
160016201624,WAIST HIGH MEDICAL SUPPORT,16001620
160016201625,LYMPHEDEMA TREATMENTS,16001620
160016201626,WOMEN'S HIGH COMPRESSION SUPPORT HOSE - FULL & MATERNITY,16001620
160016201627,MEDICAL COMPRESSION SLEEVES & GARMENTS,16001620
160016201628,PRIVATE LABEL MEDICAL SUPPORT,16001620
170017101711,"RELAXERS, CURL KITS & PERMS",17001710
170017101712,SHAMPOOS & CONDITIONERS,17001710
170017101713,"SHEENS, ACTIVATORS & MOISTURIZERS",17001710
170017101714,"POMADES, HAIR DRESSINGS & STYLING AIDS",17001710
170017101715,HAIR COLOR,17001710
170017101716,MIXED/MISCELLANEOUS MULTI-CULTURAL HAIR CARE,17001710
170017201721,"CREAMS, LOTIONS & SOAPS",17001720
170017201722,SHAVING NEEDS,17001720
170017201724,MIXED/MISCELLANEOUS MULTI-CULTURAL SKIN CARE,17001720
190019101911,SOFT LENS MULTI-PURPOSE SOLUTIONS,19001910
190019101912,SOFT LENS DISINFECTING,19001910
190019101913,SOFT LENS SALINE SOLUTIONS,19001910
190019101914,SOFT LENS CLEANERS,19001910
190019101915,SOFT LENS REWETTING DROPS,19001910
190019101916,GAS PERMEABLE & HARD LENS CARE,19001910
190019101917,MIXED/MISCELLANEOUS CONTACT LENS CARE,19001910
190019101918,PRIVATE LABEL CONTACT LENS CARE,19001910
190019201921,EYE RELIEF PRODUCTS,19001920
190019201922,DRY EYE RELIEF,19001920
190019201923,EYE WASH,19001920
190019201924,MIXED/MISCELLANEOUS EYE PREPARATIONS,19001920
190019201928,PRIVATE LABEL EYE PREPARATIONS,19001920
190019201929,GENERIC EYE PREPARATIONS,19001920
190019301931,EYEGLASSES & LENS ACCESSORIES,19001930
190019301937,MIXED/MISCELLANEOUS EYEGLASSES & LENS ACCESSORIES,19001930
190019301938,PRIVATE LABEL EYEGLASSES & LENS ACCESSORIES,19001930
190019401941,READING GLASSES,19001940
190019401942,MAGNIFYING GLASSES,19001940
190019401943,MIXED/MISCELLANEOUS READING GLASSES & MAGNIFYING GLASSES,19001940
190019401948,PRIVATE LABEL READING GLASSES & MAGNIFYING GLASSES,19001940
190019501951,EAR DROPS & SYRINGES,19001950
190019501952,EAR PLUGS & PROTECTION,19001950
190019501953,MIXED/MISCELLANEOUS EAR CARE,19001950
190019501958,PRIVATE LABEL EAR CARE,19001950
190019501959,GENERIC EAR CARE,19001950
190019601961,SUNGLASSES,19001960
190019601962,SUNGLASSES ACCESSORIES,19001960
210021102111,FEMALE CONTRACEPTIVES,21002110
210021102117,MIXED/MISCELLANEOUS FEMALE CONTRACEPTIVES,21002110
210021102119,GENERIC FEMALE CONTRACEPTIVES,21002110
210021202121,CONDOMS,21002120
210021202127,MIXED/MISCELLANEOUS CONDOMS,21002120
210021202129,GENERIC CONDOMS,21002120
210021302131,PREGNANCY TESTS,21002130
210021302132,OVULATION/FERTILITY TESTS & SUPPORT,21002130
210021302137,MIXED/MISCELLANEOUS PREGNANCY & OVULATION/FERTILITY TESTS & SUPPORT,21002130
210021302138,PRIVATE LABEL PREGNANCY & OVULATION/FERTILITY TESTS & SUPPORT,21002130
210021302139,GENERIC PREGNANCY & OVULATION/FERTILITY TESTS & SUPPORT,21002130
210021402141,PERSONAL LUBRICANTS,21002140
210021402142,SEXUAL ENHANCEMENT,21002140
210021402143,PERSONAL AIDS & DEVICES,21002140
210021402144,MIXED/MISCELLANEOUS SEXUAL HEALTH,21002140
210021402148,PRIVATE LABEL SEXUAL HEALTH,21002140
210021402149,GENERIC SEXUAL HEALTH,21002140
230023102311,FEMININE PADS,23002310
230023102312,TAMPONS,23002310
230023102313,PANTY LINERS,23002310
230023102314,MIXED/MISCELLANEOUS FEMININE PROTECTION,23002310
230023102318,PRIVATE LABEL FEMININE PROTECTION,23002310
230023202321,FEMININE ANTIFUNGAL,23002320
230023202328,PRIVATE LABEL FEMININE ANTIFUNGAL,23002320
230023202329,GENERIC FEMININE ANTIFUNGAL,23002320
230023302331,DEODORANTS & POWDERS,23002330
230023302332,WIPES & EXTERNAL WASHES,23002330
230023302333,FEMININE ANTI-ITCH,23002330
230023302334,FEMININE MOISTURIZERS,23002330
230023302335,MIXED/MISCELLANEOUS FEMININE PERSONAL CARE,23002330
230023302336,DOUCHES,23002330
230023302338,PRIVATE LABEL FEMININE PERSONAL CARE,23002330
230023302339,GENERIC FEMININE PERSONAL CARE,23002330
250025102511,ADHESIVE & LIQUID BANDAGES,25002510
250025102512,FIRST AID TAPES,25002510
250025102513,GAUZE DRESSINGS & ROLLS,25002510
250025102516,MIXED/MISCELLANEOUS FIRST AID DRESSINGS,25002510
250025102517,SURGICAL BANDAGES & DRESSINGS,25002510
250025102518,PRIVATE LABEL FIRST AID DRESSINGS,25002510
250025102519,GENERIC FIRST AID DRESSINGS,25002510
250025202522,TOPICAL ANTIBIOTICS,25002520
250025202523,ANTISEPTICS & MEDICATED PRODUCTS,25002520
250025202524,MIXED/MISCELLANEOUS FIRST AID TREATMENTS,25002520
250025202525,SKIN TREATMENTS,25002520
250025202526,SKIN PROTECTANTS,25002520
250025202527,WOUND CLEANSERS,25002520
250025202528,PRIVATE LABEL FIRST AID TREATMENTS,25002520
250025202529,GENERIC FIRST AID TREATMENTS,25002520
250025302531,LICE TREATMENTS & ACCESSORIES,25002530
250025302532,MIXED/MISCELLANEOUS ANTIPARASITIC TREATMENTS,25002530
250025302538,PRIVATE LABEL ANTIPARASITIC TREATMENTS,25002530
250025302539,GENERIC ANTIPARASITIC TREATMENTS,25002530
250025402541,PROTECTIVE GLOVES,25002540
250025402542,FIRST AID KITS,25002540
250025402543,MASKS,25002540
250025402544,MIXED/MISCELLANEOUS FIRST AID KITS & SUPPLIES,25002540
250025402545,FINGER COTS & SPLINTS,25002540
250025402548,PRIVATE LABEL FIRST AID KITS & SUPPLIES,25002540
250025402549,GENERIC FIRST AID KITS & SUPPLIES,25002540
250025502551,HYDROCORTISONE PRODUCTS,25002550
250025502552,"ANTI-ITCH TREATMENTS, JOCK ITCH & INSECT BITE REMEDIES",25002550
250025502557,MIXED/MISCELLANEOUS ANTI-ITCH TREATMENTS,25002550
250025502558,PRIVATE LABEL ANTI-ITCH TREATMENTS,25002550
250025502559,GENERIC ANTI-ITCH TREATMENTS,25002550
250025602561,CHILDREN'S FIRST AID DRESSINGS,25002560
250025602562,CHILDREN'S FIRST AID TREATMENTS,25002560
250025602563,MIXED/MISCELLANEOUS CHILDREN'S FIRST AID,25002560
270027102711,HEEL & ARCH,27002710
270027102712,INSOLES,27002710
270027102713,MIXED/MISCELLANEOUS SHOE INSOLES & INSERTS,27002710
270027102718,PRIVATE LABEL SHOE INSOLES & INSERTS,27002710
270027202721,"CORN, CALLUS & BUNION PADS",27002720
270027202722,CORN & CALLUS REMOVERS,27002720
270027202723,MIXED/MISCELLANEOUS FOOT CUSHIONING & TREATMENTS,27002720
270027202728,PRIVATE LABEL FOOT CUSHIONING & TREATMENTS,27002720
270027202729,GENERIC FOOT CUSHIONING & TREATMENTS,27002720
270027302731,ODOR & WETNESS POWDERS,27002730
270027302732,ODOR & WETNESS CREAMS & LIQUIDS,27002730
270027302733,ODOR & WETNESS SPRAYS,27002730
270027302738,PRIVATE LABEL ODOR & WETNESS TREATMENTS,27002730
270027302739,GENERIC ODOR & WETNESS TREATMENTS,27002730
270027402741,ANTIFUNGAL POWDERS,27002740
270027402742,ANTIFUNGAL CREAMS & LIQUIDS,27002740
270027402743,ANTIFUNGAL SPRAYS,27002740
270027402744,NAIL FUNGUS TREATMENTS,27002740
270027402747,MIXED/MISCELLANEOUS ANTIFUNGAL TREATMENTS,27002740
270027402748,PRIVATE LABEL ANTIFUNGAL TREATMENTS,27002740
270027402749,GENERIC ANTIFUNGAL TREATMENTS,27002740
270027502751,WART REMOVER PADS & LIQUIDS,27002750
270027502757,MIXED/MISCELLANEOUS WART REMOVERS,27002750
270027502758,PRIVATE LABEL WART REMOVERS,27002750
270027502759,GENERIC WART REMOVERS,27002750
270027602761,IMPLEMENTS,27002760
270027602762,"FOOT MOISTURIZERS, EXFOLIATORS & CLEANSERS",27002760
270027602763,FOOT PAIN RELIEF,27002760
270027602767,MIXED/MISCELLANEOUS FOOT GROOMING & PAIN RELIEF,27002760
270027602768,PRIVATE LABEL FOOT GROOMING & PAIN RELIEF,27002760
270027602769,GENERIC FOOT GROOMING & PAIN RELIEF,27002760
290029102911,"THERAPEUTIC SHAMPOO, HAIR & SCALP TREATMENTS",29002910
290029102912,BEAUTY SHAMPOOS,29002910
290029102913,MIXED/MISCELLANEOUS SHAMPOO & THERAPEUTIC HAIR & SCALP TREATMENTS,29002910
290029102914,MEN'S SHAMPOOS,29002910
290029102918,PRIVATE LABEL SHAMPOO & THERAPEUTIC HAIR & SCALP TREATMENTS,29002910
290029102919,GENERIC SHAMPOO & THERAPEUTIC HAIR & SCALP TREATMENTS,29002910
290029202921,CONDITIONERS,29002920
290029202922,HAIR TREATMENTS,29002920
290029202923,THERAPEUTIC CONDITIONERS,29002920
290029202924,MEN'S CONDITIONERS,29002920
290029202927,MIXED/MISCELLANEOUS CONDITIONERS & HAIR TREATMENTS,29002920
290029202928,PRIVATE LABEL CONDITIONERS & HAIR TREATMENTS,29002920
290029202929,GENERIC CONDITIONERS & HAIR TREATMENTS,29002920
290029402941,MOUSSES & GELS,29002940
290029402942,HAIR SPRAYS,29002940
290029402943,POMADES & WAXES,29002940
290029402944,MIXED/MISCELLANEOUS STYLING AIDS,29002940
290029402945,MEN'S STYLING AIDS,29002940
290029502951,PERMANENTS & RODS,29002950
290029602961,PERMANENT HAIR COLOR,29002960
290029602962,SEMIPERMANENT/TEMPORARY HAIR COLOR,29002960
290029602963,MIXED/MISCELLANEOUS HAIR COLOR,29002960
290029702971,HAIR GROWTH TREATMENTS,29002970
290029702972,HAIR GROWTH SHAMPOO & CONDITIONERS,29002970
290029702977,MIXED/MISCELLANEOUS HAIR GROWTH,29002970
290029702978,PRIVATE LABEL HAIR GROWTH,29002970
290029702979,GENERIC HAIR GROWTH,29002970
290029802981,CHILDREN'S SHAMPOOS,29002980
290029802982,CHILDREN'S CONDITIONERS,29002980
300030203021,HOMEOPATHIC SINGLE REMEDIES,30003020
310031103111,ACUPRESSURE,31003110
310031203121,AROMATHERAPY,31003120
310031203129,GENERIC AROMATHERAPY,31003120
310031303131,MAGNETIC THERAPY,31003130
330033103311,MEN'S RAZOR REFILLS,33003310
330033103312,MEN'S REUSABLE SYSTEM RAZORS,33003310
330033103313,MEN'S DISPOSABLE RAZORS,33003310
330033103314,WOMEN'S RAZOR REFILLS,33003310
330033103315,WOMEN'S REUSABLE SYSTEM RAZORS,33003310
330033103316,WOMEN'S DISPOSABLE RAZORS,33003310
330033103317,MIXED/MISCELLANEOUS RAZORS & REFILLS,33003310
330033103318,PRIVATE LABEL RAZORS & REFILLS,33003310
330033203321,MEN'S SHAVING & HAIR REMOVAL,33003320
330033203323,MEN'S AFTERSHAVE & SKIN CARE,33003320
330033203327,"MIXED/MISCELLANEOUS MEN'S SHAVING, HAIR REMOVAL & SKIN CARE",33003320
330033403341,MEN'S HAIR PREPARATIONS,33003340
330033403342,MEN'S HAIR COLOR,33003340
330033403343,MEN'S MANUAL GROOMING IMPLEMENTS,33003340
330033403348,PRIVATE LABEL MEN'S HAIR CARE,33003340
330033503351,WOMEN'S HAIR REMOVAL & SKIN TREATMENTS,33003350
330033503352,WOMEN'S BODY & FACIAL WAXES,33003350
330033503353,WOMEN'S BODY & FACIAL BLEACHES,33003350
330033503354,WOMEN'S SHAVING & AFTER-SHAVING,33003350
350035103511,REGULAR TOOTHPASTE & TOOTH POWDER,35003510
350035103512,SENSITIVE TOOTHPASTE & TREATMENTS,35003510
350035103513,WHITENING TOOTHPASTE,35003510
350035103514,WHITENING STRIPS & TREATMENTS,35003510
350035103517,MIXED/MISCELLANEOUS TOOTHPASTE & TREATMENTS,35003510
350035103518,PRIVATE LABEL TOOTHPASTE & TREATMENTS,35003510
350035203521,MANUAL TOOTHBRUSHES,35003520
350035203522,BATTERY TOOTHBRUSHES & REFILLS,35003520
350035203523,RECHARGEABLE TOOTHBRUSHES & REFILLS,35003520
350035203524,MIXED/MISCELLANEOUS TOOTHBRUSHES & ACCESSORIES,35003520
350035203528,PRIVATE LABEL TOOTHBRUSHES,35003520
350035303531,DENTURE ADHESIVES,35003530
350035303532,DENTURE CLEANERS & ACCESSORIES,35003530
350035303533,DENTURE REPAIR & PAIN RELIEF,35003530
350035303538,PRIVATE LABEL DENTURE CARE,35003530
350035303539,GENERIC DENTURE CARE,35003530
350035403541,MOUTHWASH,35003540
350035403548,PRIVATE LABEL MOUTHWASH,35003540
350035403549,GENERIC MOUTHWASH,35003540
350035503551,FLOSS & FLOSSERS,35003550
350035503552,INTERDENTAL,35003550
350035503553,GUM CARE,35003550
350035503554,DENTAL GUM,35003550
350035503555,"MIXED/MISCELLANEOUS INTERDENTAL, FLOSS & GUM CARE",35003550
350035503558,"PRIVATE LABEL INTERDENTAL, FLOSS & GUM CARE",35003550
350035703571,BREATH FRESHENERS,35003570
350035703572,MIXED/MISCELLANEOUS BREATH REMEDIES,35003570
350035703573,THERAPEUTIC BREATH TREATMENTS,35003570
350035803581,ORAL PAIN RELIEF & MOUTH SORES,35003580
350035803583,DRY MOUTH,35003580
350035803584,TEMPORARY DENTAL REPAIR,35003580
350035803585,MIXED/MISCELLANEOUS ORAL REMEDIES,35003580
350035803588,PRIVATE LABEL ORAL REMEDIES,35003580
350035803589,GENERIC ORAL REMEDIES,35003580
350035903591,CHILDREN'S TOOTHPASTE,35003590
350035903592,CHILDREN'S TOOTHBRUSHES,35003590
350035903593,CHILDREN'S MOUTHWASH & ORAL RINSES,35003590
350035903594,MIXED/MISCELLANEOUS CHILDREN'S ORAL CARE,35003590
370037103711,"ACNE CREAMS, GELS, LOTIONS & PATCHES",37003710
370037103712,ACNE SOAPS & CLEANSERS,37003710
370037103713,"ACNE ASTRINGENTS, TONERS & PADS",37003710
370037103714,MIXED/MISCELLANEOUS FACIAL & BODY ACNE MEDICATIONS,37003710
370037103718,PRIVATE LABEL FACIAL & BODY ACNE MEDICATIONS,37003710
370037103719,GENERIC FACIAL & BODY ACNE MEDICATIONS,37003710
370037203721,MEDICATED & SPECIALTY SOAPS,37003720
370037203729,GENERIC MEDICATED & SPECIALTY SOAPS,37003720
370037303731,FACIAL CLEANSERS & SCRUBS,37003730
370037303732,MIXED/MISCELLANEOUS FACIAL CLEANSERS,37003730
370037303734,"ASTRINGENTS, TONERS, PADS & TOWELETTES",37003730
370037303735,PORE STRIPS & MASKS,37003730
370037303736,FACIAL SPONGES,37003730
370037303737,MAKE-UP REMOVERS,37003730
370037303738,PRIVATE LABEL FACIAL CLEANSERS,37003730
370037303739,GENERIC FACIAL CLEANSERS,37003730
370037403741,HAND & BODY CLEANSING BARS & SOAPS,37003740
370037403742,HAND CLEANSING LIQUIDS,37003740
370037403743,BODY CLEANSING LIQUIDS,37003740
370037403744,INSTANT HAND SANITIZERS,37003740
370037403745,MIXED/MISCELLANEOUS HAND & BODY CLEANSING,37003740
370037403748,PRIVATE LABEL HAND & BODY CLEANSING,37003740
370037403749,GENERIC HAND &  BODY CLEANSING,37003740
370037503751,COSMETIC PUFFS & PADS,37003750
370037503757,MIXED/MISCELLANEOUS COSMETIC PUFFS & PADS,37003750
370037503758,PRIVATE LABEL COSMETIC PUFFS & PADS,37003750
370037703771,THERAPEUTIC HAND & BODY MOISTURIZERS,37003770
370037703772,THERAPEUTIC HAND & BODY TREATMENTS,37003770
370037703773,SKIN NOVELTIES & GIFT SETS,37003770
370037703774,MIXED/MISCELLANEOUS HAND & BODY MOISTURIZERS & TREATMENTS,37003770
370037703778,PRIVATE LABEL HAND & BODY MOISTURIZERS & TREATMENTS,37003770
370037703779,GENERIC HAND & BODY MOISTURIZERS & TREATMENTS,37003770
370037803781,BATH ADDITIVES,37003780
370037803782,"AFTER BATH OIL, POWDER, SPLASHES & MISTS",37003780
370037803783,"BATH SPONGES, LOOFAHS, BATH PILLOWS & ACCESSORIES",37003780
370037803784,MIXED/MISCELLANEOUS BATH PRODUCTS,37003780
370037803785,BATH GIFT SETS,37003780
370037803786,EXFOLIATING BODY SCRUBS,37003780
370037803787,THERAPEUTIC BATH & AFTER BATH,37003780
370037803788,PRIVATE LABEL BATH PRODUCTS,37003780
370037803789,GENERIC BATH PRODUCTS,37003780
370037903791,FACIAL MOISTURIZERS,37003790
370037903793,EYE TREATMENTS,37003790
370037903794,THERAPEUTIC FACIAL TREATMENTS,37003790
370037903795,LIP TREATMENTS,37003790
370037903796,MIXED/MISCELLANEOUS FACIAL MOISTURIZERS & TREATMENTS,37003790
370037903798,PRIVATE LABEL FACIAL MOISTURIZERS & TREATMENTS,37003790
380038103811,NICOTINE PATCHES,38003810
380038103812,NICOTINE GUM & LOZENGES,38003810
380038103813,MIXED/MISCELLANEOUS SMOKING DETERRENTS,38003810
380038103818,PRIVATE LABEL SMOKING DETERRENTS,38003810
380038103819,GENERIC SMOKING DETERRENTS,38003810
390039103911,SUN TANNING,39003910
390039103917,MIXED/MISCELLANEOUS SUN TANNING,39003910
390039103918,PRIVATE LABEL SUN TANNING,39003910
390039203921,SUN PROTECTION (< SPF 50),39003920
390039203922,SUN PROTECTION (SPF 50+),39003920
390039203923,CHILDREN'S SUN PROTECTION,39003920
390039203924,MIXED/MISCELLANEOUS SUN PROTECTION,39003920
390039203925,SUN CARE LIP PROTECTION,39003920
390039203926,SPORT SUN PROTECTION,39003920
390039203928,PRIVATE LABEL SUN PROTECTION,39003920
390039303931,AFTER SUN,39003930
390039303938,PRIVATE LABEL AFTER SUN & SUN ACCESSORIES,39003930
390039403941,SUNLESS TANNING,39003940
390039403948,PRIVATE LABEL SUNLESS TANNING,39003940
400040104011,TRIAL/TRAVEL SIZES,40004010
400040204021,TRAVEL CONTAINERS,40004020
400040304031,TRAVEL BAGS & ORGANIZERS,40004030
410041104111,MULTIVITAMINS,41004110
410041104114,EYE HEALTH VITAMINS,41004110
410041104115,PRENATAL VITAMINS,41004110
410041104117,MIXED/MISCELLANEOUS MULTIVITAMINS,41004110
410041104118,PRIVATE LABEL MULTIVITAMINS,41004110
410041104119,GENERIC MULTIVITAMINS,41004110
410041204121,VITAMIN B & VITAMIN B COMPLEX,41004120
410041204122,VITAMIN C,41004120
410041204123,VITAMIN E,41004120
410041204124,MIXED/MISCELLANEOUS SINGLE ENTITY VITAMINS,41004120
410041204125,VITAMIN D,41004120
410041204128,PRIVATE LABEL SINGLE ENTITY VITAMINS,41004120
410041204129,GENERIC SINGLE ENTITY VITAMINS,41004120
410041304131,ECHINACEA,41004130
410041304132,GARLIC,41004130
410041304133,GINKGO BILOBA,41004130
410041304134,GINSENG,41004130
410041304135,ST. JOHN'S WORT,41004130
410041304136,MIXED/MISCELLANEOUS HERBALS & BOTANICALS,41004130
410041304137,COLON CLEANSE & DETOX SUPPLEMENTS,41004130
410041304138,PRIVATE LABEL HERBALS & BOTANICALS,41004130
410041304139,GENERIC HERBALS & BOTANICALS,41004130
410041404141,JOINT HEALTH,41004140
410041404142,MENOPAUSE SUPPORT,41004140
410041404143,"ENZYMES, AMINO ACIDS & HORMONES",41004140
410041404144,MIXED/MISCELLANEOUS SPECIALTY SUPPLEMENTS,41004140
410041404145,HEART HEALTH & ESSENTIAL FATTY ACIDS,41004140
410041404146,GENERAL HEALTH PREBIOTICS & PROBIOTICS,41004140
410041404148,PRIVATE LABEL SPECIALTY SUPPLEMENTS,41004140
410041404149,GENERIC SPECIALTY SUPPLEMENTS,41004140
410041504151,CALCIUM,41004150
410041504152,IRON,41004150
410041504153,MIXED/MISCELLANEOUS MINERAL SUPPLEMENTS,41004150
410041504154,MULTI-MINERALS,41004150
410041504158,PRIVATE LABEL MINERAL SUPPLEMENTS,41004150
410041504159,GENERIC MINERAL SUPPLEMENTS,41004150
410041604161,CHILDREN'S VITAMINS & MINERALS,41004160
410041604162,CHILDREN'S HERBALS,41004160
410041604163,MIXED/MISCELLANEOUS CHILDREN'S VITAMINS/DIETARY SUPPLEMENTS,41004160
410041604168,PRIVATE LABEL CHILDREN'S VITAMINS/DIETARY SUPPLEMENTS,41004160
410041604169,GENERIC CHILDREN'S VITAMINS/DIETARY SUPPLEMENTS,41004160
410041704171,MISC VITAMINS,41004170
430043104311,LIQUIDS,43004310
430043104318,PRIVATE LABEL LIQUIDS,43004310
430043104319,GENERIC LIQUIDS,43004310
430043204321,DRYS,43004320
430043204328,PRIVATE LABEL DRYS,43004320
430043204329,GENERIC DRYS,43004320
530053105311,CANDY,53005310
530053105312,MINTS,53005310
530053105313,GUM,53005310
530053205321,BOX CANDY,53005320
530053305331,VALENTINE CANDY,53005330
530053305332,EASTER CANDY,53005330
530053305333,HALLOWEEN CANDY,53005330
530053305334,CHRISTMAS CANDY,53005330
530053505351,DIETETIC CANDY,53005350
540054105414,NAILS,54005410
540054205421,ARTIFICIAL NAILS & GLUES,54005420
540054205422,ARTIFICIAL LASHES & GLUES,54005420
540054205424,COSMETIC BRUSHES,54005420
540054205425,NAIL POLISH REMOVER,54005420
540054205426,ACCESSORIES & IMPLEMENTS,54005420
540054405442,FACE,54005440
540054705473,EYES,54005470
540054805483,EYES,54005480
540054805485,ACCESSORIES & IMPLEMENTS,54005480
540054905491,LIPS,54005490
540054905492,FACE,54005490
540054905493,EYES,54005490
540054905494,NAILS,54005490
540054905495,ACCESSORIES & IMPLEMENTS,54005490
540054905496,SETS/KITS,54005490
540054905498,PRIVATE LABEL ALL OTHER COSMETIC LINES,54005490
550055105511,AUDIO/VIDEO ELECTRONICS & ACCESSORIES,55005510
550055105514,PERSONAL CARE APPLIANCES,55005510
550055505551,LIGHT BULBS,55005550
550055505552,FLASHLIGHTS & LANTERNS,55005550
550055605561,STANDARD BATTERIES,55005560
550055605562,HEARING AID BATTERIES,55005560
550055605563,HIGH PERFORMANCE BATTERIES,55005560
550055605564,WATCH & MEDICAL BATTERIES,55005560
550055605565,MISCELLANEOUS BATTERIES,55005560
550055605566,"RECHARGEABLE BATTERIES, RECHARGERS & TESTERS",55005560
550055905592,CELL PHONES & ACCESSORIES,55005590
560056105611,ICE CREAM,56005610
560056105614,PREPARED FOODS,56005610
560056305631,SALTY SNACKS,56005630
560056305632,COOKIES & CRACKERS,56005630
560056305634,NUTS,56005630
560056305635,MISCELLANEOUS SNACKS & DESSERTS,56005630
560056605661,DAIRY,56005660
560056605664,BAKERY,56005660
560056605668,TAXABLE PERISHABLE FOOD,56005660
560056705671,BAKING/COOKING SUPPLIES,56005670
560056705672,CONDIMENTS/SAUCES,56005670
560056705675,CANNED/BOTTLED FOOD,56005670
560056705678,TAXABLE NON-PERISHABLE FOOD,56005670
560056805681,BEER,56005680
560056805682,WINE & WINE COOLERS,56005680
560056805683,LIQUOR,56005680
560056805684,SOFT DRINKS,56005680
560056805685,"COCOA, COFFEE & TEA",56005680
560056805686,JUICES,56005680
560056805687,BOTTLED WATERS,56005680
560056805688,MISCELLANEOUS BEVERAGES,56005680
560056805689,PRIVATE LABEL BEVERAGES,56005680
560056905691,MISC FOOD & BEVERAGES,56005690
570057205721,JEWELRY & JEWELRY CLEANERS,57005720
570057305731,"WATCHES, WATCHBANDS & CLOCKS",57005730
570057605761,CANDLES & POTPOURRI,57005760
570057605762,MISCELLANEOUS GIFTS & NOVELTIES,57005760
580058105817,HALLMARK CARDS,58005810
580058105819,HALLMARK MISCELLANEOUS,58005810
580058205827,AMBASSADOR CARDS,58005820
580058305837,AMERICAN GREETINGS CARDS,58005830
580058405847,CARLTON CARDS,58005840
580058505851,OTHER GIFT WRAP & BOWS,58005850
580058505854,OTHER PARTY ITEMS,58005850
580058505855,"OTHER STATIONERY, INVITATIONS & NOTE CARDS",58005850
580058505857,OTHER CARDS,58005850
580058505859,ALL OTHER GREETING CARD LINES MISCELLANEOUS,58005850
580058605867,GIBSON CARDS,58005860
590059105911,"COMBS, BRUSHES, ROLLERS & SCISSORS",59005910
590059305931,MIRRORS,59005930
590059405941,"BARRETTES, PONYTAIL HOLDERS, BOBBY PINS, ETC.",59005940
600060106011,"INSECTICIDES, RODENTICIDES & PESTICIDES",60006010
600060206021,AIR FRESHENER SPRAYS & OTHER FORMS,60006020
600060206022,FABRIC & CARPET FRESHENERS,60006020
600060206023,SCENTED CANDLES,60006020
600060306031,"PLASTIC/FOIL WRAPS, BAGS & DISPOSABLE STORAGE CONTAINERS",60006030
600060306032,FACIAL TISSUE,60006030
600060306033,BATH TISSUE,60006030
600060306034,PAPER TOWELS,60006030
600060306035,PREMOISTENED TOWELS,60006030
600060306036,"PRIVATE LABEL PLASTIC, FOIL & PAPER",60006030
600060306038,"DISPOSABLE NAPKINS, PLATES & CUPS",60006030
600060406041,ANCHORS & HANGERS,60006040
600060406042,"SCREWS, NUTS, BOLTS & MISCELLANEOUS FASTENERS",60006040
600060406046,PAINT & SUPPLIES,60006040
600060406047,UTILITY TAPE,60006040
600060406048,MISCELLANEOUS HARDWARE,60006040
600060506051,"SHOE POLISH, SHOE LACES & ACCESSORIES",60006050
600060606061,"BROOMS, MOPS & ACCESSORIES",60006060
600060606062,"SPONGES, SCRUBBERS, BRUSHES & DUSTERS",60006060
600060606063,HOUSEHOLD GLOVES,60006060
600060606064,MIXED/MISCELLANEOUS CLEANING TOOLS & ACCESSORIES,60006060
600060706072,BATHROOM CLEANERS,60006070
600060706073,MULTI-PURPOSE CLEANERS/DISINFECTANTS,60006070
600060706074,OVEN CLEANERS,60006070
600060706075,DRAIN CLEANERS,60006070
600060706076,"FLOOR, FURNITURE WAXES/POLISHES & RUG CLEANERS",60006070
600060706077,WINDOW CLEANERS,60006070
600060706079,MISCELLANEOUS CLEANERS & WAXES,60006070
600060806081,DISHWASHING POWDERS/LIQUIDS,60006080
600060806082,LAUNDRY - WASHER PRODUCTS,60006080
600060806083,LAUNDRY - DRYER PRODUCTS,60006080
600060806084,AFTER LAUNDRY PRODUCTS,60006080
600060906091,HOUSEHOLD STORAGE CONTAINERS & BINS,60006090
600060906092,REUSABLE FOOD STORAGE,60006090
600060906093,COOKWARE,60006090
600060906094,UTENSILS,60006090
600060906095,"DISHES, GLASSWARE & COFFEE MUGS",60006090
600060906096,CLOSET & LAUNDRY ACCESSORIES,60006090
600060906099,WATER PURIFIERS,60006090
610061106111,"BILLFOLDS, WALLETS & PURSES",61006110
620062106211,MAGAZINES,62006210
620062206221,PAPERBACKS,62006220
620062206222,HARD COVER,62006220
620062306231,NEWSPAPERS,62006230
630063106311,MISC GENERAL MERCHANDISE,63006310
630063206321,LOTTERY,63006320
630063306331,POSTAGE & SHIPPING,63006330
630063406341,MONEY ORDERS & WESTERN UNION,63006340
630063506351,GIFT CARDS,63006350
640064106411,DOG FOOD/TREATS,64006410
640064106412,DOG LEASHES/COLLARS/CLOTHING,64006410
640064106413,DOG TOYS,64006410
640064106414,DOG FLEA/TICK/MITES,64006410
640064106415,DOG BATHING/GROOMING/HYGIENE,64006410
640064106416,DOG VITAMINS/WORMERS,64006410
640064106417,DOG HOUSEBREAKING/TRAINING,64006410
640064106419,DOG MISCELLANEOUS,64006410
640064206422,CAT LEASHES/COLLARS,64006420
640064206423,CAT TOYS,64006420
640064206424,CAT FLEA/TICK/MITES,64006420
640064206425,CAT BATHING/GROOMING/HYGIENE,64006420
640064206426,CAT VITAMINS/WORMERS,64006420
640064206429,CAT MISCELLANEOUS,64006420
640064506454,UNIVERSAL BATHING/GROOMING/HYGIENE,64006450
640064506459,UNIVERSAL MISCELLANEOUS,64006450
650065106511,DIGITAL MEMORY CARDS & READERS,65006510
650065106512,DISPOSABLE CAMERAS,65006510
650065106514,35MM FILM (100-400 SPEED),65006510
650065106515,35MM FILM (800+ SPEED),65006510
650065106516,MISCELLANEOUS FILM/VIDEO,65006510
650065106518,PRIVATE LABEL FILM/VIDEO,65006510
650065206521,PHOTO PROCESSING,65006520
650065306534,CAMERA ACCESSORIES,65006530
650065506551,PHOTO ACCESSORIES,65006550
660066106611,INSECT REPELLENTS,66006610
660066406642,EASTER,66006640
660066406643,HALLOWEEN,66006640
660066406644,CHRISTMAS,66006640
660066406645,MISCELLANEOUS,66006640
660066506651,SPRING/SUMMER,66006650
660066506652,FALL/WINTER,66006650
660066806681,HEALTH & BEAUTY CARE DOLLAR ITEMS,66006680
660066806682,GROCERY DOLLAR ITEMS,66006680
660066806683,GENERAL MERCHANDISE DOLLAR ITEMS,66006680
660066806689,MIXED/MISCELLANEOUS DOLLAR ITEMS,66006680
670067106711,SEWING NEEDS,67006710
670067206721,CLOTH DYE,67006720
670067306731,CRAFTS,67006730
680068206821,SOCKS,68006820
680068306831,APPAREL,68006830
680068406841,MISCELLANEOUS,68006840
690069206921,FISHING EQUIPMENT,69006920
690069506951,SPORTING GOODS,69006950
690069506952,GUNS & AMMO,69006950
690069706977,SPORTS & RECREATION APPAREL,69006970
700070207021,PENS & REFILLS,70007020
700070207022,PENCILS & REFILLS,70007020
700070207023,HIGHLIGHTERS & MARKERS,70007020
700070207025,CRAYONS & CHALK,70007020
700070207027,ERASERS & CORRECTION SUPPLIES,70007020
700070307031,"ADHESIVES, GLUES & TAPES",70007030
700070307032,SCISSORS & CUTTERS,70007030
700070307033,"PAPER CLIPS, RUBBER BANDS, STAPLES, TACKS & FASTENERS",70007030
700070307034,"PAINT, BRUSHES & ART SUPPLIES",70007030
700070307035,"RULERS, COMPASSES & PROTRACTORS",70007030
700070307038,"WORKBOOKS, EDUCATIONAL SOFTWARE & BOOKS",70007030
700070407041,"LOOSE PAPER, STATIONERY & INDEX CARDS",70007040
700070407042,"BOUND PAPER, NOTEBOOKS & PADS",70007040
700070407043,"BINDERS, FOLDERS, COVERS, DIVIDERS & SHEET PROTECTORS",70007040
700070407044,ARTIST PAPER,70007040
700070407045,"COMPUTER/PRINTER PAPER, STATIONERY, STOCK & BUSINESS CARDS",70007040
700070407047,"LABELS, STICKERS, FLAGS & SELF STICK NOTES",70007040
700070507053,DESK ACCESSORIES,70007050
700070507054,ENVELOPES & MAILING ACCESSORIES,70007050
700070507057,SMALL OFFICE EQUIPMENT,70007050
700070607063,PRINTER CARTRIDGES,70007060
710071107111,BRAND,71007110
710071107112,GENERIC,71007110
710071107114,MISC,71007110
710071107115,E CIGARETTES,71007110
710071207121,CIGARS,71007120
710071307132,CHEWING TOBACCO,71007130
710071407141,SMOKING ACCESSORIES,71007140
720072207221,GAMES & TOYS,72007220
720072307231,NOVELTIES & GIFT SETS,72007230
730073107311,WOMEN'S FRAGRANCES & GIFT SETS,73007310
730073107312,MEN'S FRAGRANCES & GIFT SETS,73007310
770077207728,PRIVATE LABEL SUNDRIES,77007720
780078007800,PROFESSIONAL OTCS IN PHARMACY,78007800
790079007900,STORE SUPPLIES,79007900
790079107911,STORE SUPPLIES & MISCELLANEOUS EXPENSES,79007910
850085108510,GASTROINTESTINALS - BRAND,85008510
890089708971,RI GENERIC RX ITEMS,89008970
900090109011,BATHTUB SAFETY & ACCESSORIES,90009010
900090109012,BATHTUB & TOILET RAILS & FRAMES,90009010
900090109013,ELEVATED TOILET SEATS & ACCESSORIES,90009010
900090109014,GRAB BARS & HANDLES,90009010
900090109016,SITZ BATHS & BIDETS,90009010
900090109017,HAND HELD SHOWERS,90009010
900090109018,MIXED/MISCELLANEOUS BATHROOM SAFETY,90009010
900090109019,PRIVATE LABEL BATH SAFETY,90009010
900090309033,"STETHOSCOPES, PROFESSIONAL DIAGNOSTICS & ACCESSORIES",90009030
900090309035,"THERMOMETERS, FEVER STRIPS & ACCESSORIES",90009030
900090309037,BLOOD PRESSURE KITS & ACCESSORIES,90009030
900090309038,MIXED/MISCELLANEOUS DIAGNOSTIC PRODUCTS (HOME TEST KITS),90009030
900090309039,PRIVATE LABEL DIAGNOSTIC PRODUCTS,90009030
900090509051,"ALTERNATING PRESSURE PADS/MATTRESSES, PUMPS & ACCESSORIES",90009050
900090509052,MATTRESS & PILLOW PADS/COVERS,90009050
900090509053,"BACKRESTS, SEATING & POSTURE AIDS",90009050
900090509054,MATTRESSES,90009050
900090509055,WEDGES & PILLOWS,90009050
900090509056,"HEEL, ELBOW, FOOT & EAR PROTECTORS",90009050
900090509057,"MIXED/MISCELLANEOUS PRESSURE RELIEF, POSITIONING & SUPPORT",90009050
900090509059,"PRIVATE LABEL PRESSURE RELIEF, POSITIONING & SUPPORT",90009050
900090709071,RENTALS & LEASES,90009070
910091109111,"BAGS, TUBES, SETS & FEEDING ACCESSORIES",91009110
910091109113,"IV EQUIPMENT, STANDS & ACCESSORIES",91009110
910091109114,MEDICAL NUTRITIONALS,91009110
910091109115,MIXED/MISCELLANEOUS MEDICAL NUTRITIONAL & IV THERAPY,91009110
910091109116,PUMPS & ACCESSORIES,91009110
910091109117,IV SOLUTIONS,91009110
910091109118,"IV CATHETERS, SYRINGES, NEEDLES & SUPPLIES",91009110
910091509151,MANUAL & ELECTRIC BEDS,91009150
910091509153,COMMODES & COMMODE PARTS,91009150
910091509154,URINALS & BEDPANS,91009150
910091509155,PATIENT LIFTING & MOVING AIDS,91009150
910091509156,MIXED/MISCELLANEOUS PATIENT ROOM SUPPLIES,91009150
910091509157,HOSPITAL BED ACCESSORIES,91009150
910091509158,BEDDING & PATIENT-WEAR,91009150
910091509159,PRIVATE LABEL PATIENT ROOM SUPPLIES,91009150
910091809181,SPECIALIZED ANKLE & FOOT BRACES/SUPPORTS/SPLINTS,91009180
910091809182,SPECIALIZED ELBOW & ARM BRACES/SUPPORTS/SPLINTS,91009180
910091809183,SPECIALIZED KNEE HINGED BRACES/SUPPORTS/SPLINTS,91009180
910091809184,SPECIALIZED KNEE IMMOBILIZER BRACES/SUPPORTS/SPLINTS,91009180
910091809185,SPECIALIZED WRIST & HAND BRACES/SUPPORTS/SPLINTS,91009180
910091809186,SPECIALIZED SHOULDER & CLAVICLE BRACES/SUPPORTS/SPLINTS,91009180
910091809188,MIXED/MISCELLANEOUS SPECIALIZED ORTHOPEDIC BRACES/SUPPORTS/SPLINTS,91009180
910091809189,PRIVATE LABEL SPECIALIZED ORTHOPEDIC BRACES/SUPPORTS/SPLINTS,91009180
910091909193,ORTHOPEDIC FOOTWEAR,91009190
910091909195,MIXED/MISCELLANEOUS ORTHOPEDIC AIDS,91009190
910091909196,CAST BOOTS/ACCESSORIES & POST-OP SHOES,91009190
910091909198,TRACTION EQUIPMENT,91009190
920092109211,ADHESIVE & ADHESIVE REMOVERS,92009210
920092109212,IRRIGATION PRODUCTS,92009210
920092109213,DEODORANTS & ODOR ELIMINATORS,92009210
920092109214,DRAINAGE PRODUCTS,92009210
920092109215,"KARAYA PRODUCTS, WAFERS & BARRIER RINGS",92009210
920092109216,WAFERS & BARRIERS,92009210
920092109218,OSTOMY SKIN CARE,92009210
920092109219,MIXED/MISCELLANEOUS OSTOMY CARE,92009210
920092209221,CLOSED END POUCHES,92009220
920092209222,MINI POUCHES,92009220
920092209223,DRAINABLE POUCHES-ONE PIECE,92009220
920092209224,DRAINABLE POUCHES-TWO PIECE,92009220
920092209225,PEDIATRIC POUCHES,92009220
920092209226,UROSTOMY POUCHES-ONE PIECE,92009220
920092209227,UROSTOMY POUCHES-TWO PIECE,92009220
920092209228,MIXED/MISCELLANEOUS OSTOMY POUCHES,92009220
920092309231,BATHING & ORAL HYGIENE AIDS,92009230
920092309232,MIXED/MISCELLANEOUS PATIENT AIDS FOR DAILY LIVING,92009230
920092309233,EATING & DRINKING AIDS,92009230
920092309234,GROOMING & DRESSING AIDS,92009230
920092309235,MEDICAL ALERT ID'S & DEVICES,92009230
920092309236,"MEDICINE DROPPERS, SPOONS, PILLBOXES, ETC.",92009230
920092309237,"REACHERS, GRIPPERS & LIFTS",92009230
920092309238,"READING, WRITING & TELEPHONE AIDS",92009230
920092309239,PRIVATE LABEL PATIENT AIDS FOR DAILY LIVING,92009230
920092409243,MIXED/MISCELLANEOUS MASTECTOMY PRODUCTS,92009240
920092509251,HYDROTHERAPY,92009250
920092509252,STEAM PACKS & HYDROCOLLATORS,92009250
920092509254,COGNITIVE THERAPY,92009250
920092509257,MASSAGERS & TREATMENT TABLES,92009250
920092509258,MIXED/MISCELLANEOUS PHYSICAL & COGNITIVE THERAPY,92009250
920092709271,AIR PURIFIERS & FILTERS,92009270
920092709272,ASPIRATORS & SUCTION MACHINES,92009270
920092709274,"IPPB, CPAP & BIPAP MACHINES",92009270
920092709275,NEBULIZERS,92009270
920092709276,HOME & PORTABLE OXYGEN SUPPLIES,92009270
920092709277,MIXED/MISCELLANEOUS RESPIRATORY THERAPY,92009270
920092709278,TRACHEOSTOMY SUPPLIES,92009270
920092709279,PRIVATE LABEL RESPIRATORY THERAPY,92009270
920092809281,TENS UNITS,92009280
920092809282,ELECTROTHERAPY SUPPLIES,92009280
920092809283,EMS/NMS DEVICES,92009280
920092809285,MIXED/MISCELLANEOUS ELECTROTHERAPY,92009280
930093009301,PROFESSIONAL HOSPITAL PROTECTIVE GARMENTS,93009300
930093009302,INSTRUMENTS & CLEANERS,93009300
930093009303,LABWARE & ACCESSORIES,93009300
930093009304,SUTURES & ACCESSORIES,93009300
930093009305,MIXED/MISCELLANEOUS MEDICAL/SURGICAL,93009300
930093009306,EXAMINATION ROOM SUPPLIES,93009300
930093009307,HAND CLEANERS & SANITIZERS,93009300
930093109311,"IRRIGATION TRAYS, SUPPLIES & SOLUTIONS",93009310
930093109312,CATHETER CARE TRAYS,93009310
930093109313,"COLLECTION BAGS, DRAIN BAGS & LEG BAGS",93009310
930093109315,TUBING & CONNECTORS,93009310
930093109316,VACUUM DEVICES,93009310
930093109317,CATHETER LUBRICANTS,93009310
930093109319,MIXED/MISCELLANEOUS UROLOGICAL CARE,93009310
930093209321,EXTERNAL CATHETERS,93009320
930093209322,FOLEY CATHETERS - LATEX,93009320
930093209323,FOLEY CATHETERS - RED RUBBER,93009320
930093209324,FOLEY CATHETERS - SILICONE,93009320
930093209326,SELF CATHETERS,93009320
930093209327,MIXED/MISCELLANEOUS CATHETERS,93009320
930093309331,CANES,93009330
930093309332,CRUTCHES,93009330
930093309333,FOREARM CRUTCHES,93009330
930093309334,QUAD CANES,93009330
930093309335,WALKERS & ROLLATORS,93009330
930093309336,WALKING AID ACCESSORIES,93009330
930093309338,MIXED/MISCELLANEOUS WALKING AIDS,93009330
930093309339,PRIVATE LABEL WALKING AIDS & ACCESSORIES,93009330
930093509352,WHEELCHAIR RAMPS & LIFTS,93009350
930093509353,MIXED/MISCELLANEOUS WHEELCHAIR ACCESSORIES,93009350
930093509354,WHEELCHAIR CUSHIONS/SEATS,93009350
930093509355,WHEELCHAIR BELTS & STRAPS,93009350
930093509356,WHEELCHAIR FOOT RESTS,93009350
930093509357,WHEELCHAIR LEG RESTS,93009350
930093609361,HEMI WHEELCHAIRS,93009360
930093609362,LIGHTWEIGHT & HEAVYWEIGHT WHEELCHAIRS,93009360
930093609363,NARROW WHEELCHAIRS,93009360
930093609364,RECLINER WHEELCHAIRS,93009360
930093609365,STANDARD WHEELCHAIRS,93009360
930093609366,TRANSPORT WHEELCHAIRS,93009360
930093609367,EXTRA WIDE WHEELCHAIRS,93009360
930093609369,MIXED/MISCELLANEOUS WHEELCHAIRS,93009360
930093709371,POWER CHAIRS,93009370
930093709372,SCOOTERS,93009370
930093709373,POWER CHAIR & SCOOTER ACCESSORIES,93009370
930093709377,MIXED/MISCELLANEOUS POWER CHAIRS & SCOOTERS,93009370
930093809381,ALGINATE DRESSINGS,93009380
930093809382,COLLAGEN DRESSINGS,93009380
930093809383,FOAM DRESSINGS,93009380
930093809384,HYDROCOLLOID/HYDROGEL DRESSINGS,93009380
930093809385,"WOUND CLEANSERS, TREATMENTS & ACCESSORIES",93009380
930093809386,"TAPES, WRAPS & COMPRESSION",93009380
930093809387,"GAUZE DRESSINGS, PADS, SPONGES & PACKING",93009380
930093809388,TRANSPARENT DRESSINGS,93009380
930093809389,MIXED/MISCELLANEOUS SPECIALIZED WOUND CARE,93009380
930093909391,MISC HOME HEALTH CARE,93009390
940094109411,DISPOSABLE UNDERWEAR,94009410
940094109412,DISPOSABLE BRIEFS & UNDERGARMENTS,94009410
940094109413,DISPOSABLE UNDERPADS,94009410
940094109414,"DISPOSABLE PADS, SHIELDS, GUARDS & DRIP COLLECTORS",94009410
940094109417,MIXED/MISCELLANEOUS DISPOSABLE INCONTINENCE,94009410
940094109418,PRIVATE LABEL DISPOSABLE INCONTINENCE,94009410
940094209421,REUSABLE GARMENTS,94009420
940094209422,REUSABLE UNDERPADS,94009420
940094209427,MIXED/MISCELLANEOUS REUSABLE INCONTINENCE,94009420
940094309431,CLEANSERS & WASHES,94009430
940094309432,WIPES & TOWELETTES,94009430
940094309433,"MOISTURIZERS, BARRIERS & PROTECTANTS",94009430
940094309434,ANTIFUNGALS,94009430
940094309435,DEODORIZERS,94009430
940094309437,MIXED/MISCELLANEOUS INCONTINENCE PERSONAL CARE,94009430
940094309438,PRIVATE LABEL INCONTINENCE PERSONAL CARE,94009430
950095109511,CLEANSERS & WASHES,95009510
950095109512,WIPES & TOWELETTES,95009510
950095109517,MIXED/MISCELLANEOUS PATIENT CLEANSING & BATHING,95009510
950095109518,PRIVATE LABEL PATIENT CLEANSING & BATHING,95009510
950095209521,"MOISTURIZERS, BARRIERS & PROTECTANTS",95009520
950095209522,ANTIFUNGALS,95009520
960096109611,STETHOSCOPES & ACCESSORIES,96009610
960096109612,"THERMOMETERS, FEVER STRIPS & ACCESSORIES",96009610
960096109613,BLOOD PRESSURE KITS & ACCESSORIES,96009610
960096109614,DRUG & ALCOHOL TESTS,96009610
960096109615,MIXED/MISCELLANEOUS HOME DIAGNOSTICS,96009610
960096109619,PRIVATE LABEL HOME DIAGNOSTICS,96009610
960096209621,BATHING & ORAL HYGIENE AIDS,96009620
960096209622,MIXED/MISCELLANEOUS PATIENT AIDS FOR DAILY LIVING,96009620
960096209623,EATING & DRINKING AIDS,96009620
960096209624,GROOMING & DRESSING AIDS,96009620
960096209625,MEDICAL ALERT IDS & DEVICES,96009620
960096209626,"MEDICINE DOSERS, ORGANIZERS & ACCESSORIES",96009620
960096209627,"REACHERS, GRIPPERS & LIFTS",96009620
960096209628,"READING, WRITING & TELEPHONE AIDS",96009620
960096209629,PRIVATE LABEL PATIENT AIDS FOR DAILY LIVING,96009620
Z,*UNDEFINED*,Z